,pressure,temperature,e-,H2,H,H+,H-,H2-,H2+,H3+,He,H2O,CH4,CO,NH3,N2,PH3,H2S,TiO,VO,Fe,FeH,CrH,Na,K,Rb,Cs,CO2,HCN,C2H2,C2H4,C2H6,SiO,MgH,OCS,Li,LiOH,LiH,LiCl,LiF
0,1e-06,182.2083601907734,4.5000000000000027e-38,0.83616,4.5000000000000027e-38,4.5000000000000027e-38,4.5000000000000027e-38,4.5000000000000027e-38,4.5000000000000027e-38,4.5000000000000027e-38,0.16239,0.0011318999999999997,0.0001521299999999998,4.5000000000000027e-38,0.00013716000000000002,7.1397067699820585e-12,4.5000000000000027e-38,2.538699999999998e-05,4.5000000000000027e-38,4.5000000000000027e-38,4.5000000000000027e-38,4.5000000000000027e-38,4.5000000000000027e-38,4.5000000000000027e-38,4.5000000000000027e-38,4.5000000000000027e-38,4.5000000000000027e-38,5.479035271179813e-36,4.000000000000001e-38,4.5000000000000027e-38,4.5000000000000027e-38,4.5000000000000027e-38,4.5000000000000027e-38,4.5000000000000027e-38,4.5000000000000027e-38,4.5000000000000027e-38,4.5000000000000027e-38,4.5000000000000027e-38,4.5000000000000027e-38,4.5000000000000027e-38
1,1.2271252398511892e-06,182.16769431002155,4.5000000000000027e-38,0.83616,4.5000000000000027e-38,4.5000000000000027e-38,4.5000000000000027e-38,4.5000000000000027e-38,4.5000000000000027e-38,4.5000000000000027e-38,0.16239000000000006,0.0011319000000000008,0.0001521300000000001,4.5000000000000027e-38,0.00013716000000000018,4.681080871461621e-12,4.5000000000000027e-38,2.5387000000000033e-05,4.5000000000000027e-38,4.5000000000000027e-38,4.5000000000000027e-38,4.5000000000000027e-38,4.5000000000000027e-38,4.5000000000000027e-38,4.5000000000000027e-38,4.5000000000000027e-38,4.5000000000000027e-38,3.5539799666929055e-36,4.000000000000001e-38,4.5000000000000027e-38,4.5000000000000027e-38,4.5000000000000027e-38,4.5000000000000027e-38,4.5000000000000027e-38,4.5000000000000027e-38,4.5000000000000027e-38,4.5000000000000027e-38,4.5000000000000027e-38,4.5000000000000027e-38,4.5000000000000027e-38
2,1.5058363542798415e-06,182.21166089270955,4.5000000000000027e-38,0.83616,4.5000000000000027e-38,4.5000000000000027e-38,4.5000000000000027e-38,4.5000000000000027e-38,4.5000000000000027e-38,4.5000000000000027e-38,0.16239,0.0011318999999999997,0.00015212999999999997,4.5000000000000027e-38,0.00013715999999999989,3.151923790964902e-12,4.5000000000000027e-38,2.538699999999998e-05,4.5000000000000027e-38,4.5000000000000027e-38,4.5000000000000027e-38,4.5000000000000027e-38,4.5000000000000027e-38,4.5000000000000027e-38,4.5000000000000027e-38,4.5000000000000027e-38,4.5000000000000027e-38,2.4208878440216437e-36,4.000000000000001e-38,4.5000000000000027e-38,4.5000000000000027e-38,4.5000000000000027e-38,4.5000000000000027e-38,4.5000000000000027e-38,4.5000000000000027e-38,4.5000000000000027e-38,4.5000000000000027e-38,4.5000000000000027e-38,4.5000000000000027e-38,4.5000000000000027e-38
3,1.8478497974222906e-06,182.25802710536655,4.5000000000000027e-38,0.83616,4.5000000000000027e-38,4.5000000000000027e-38,4.5000000000000027e-38,4.5000000000000027e-38,4.5000000000000027e-38,4.5000000000000027e-38,0.16239,0.0011318999999999997,0.00015212999999999997,4.5000000000000027e-38,0.00013716000000000002,2.1238801414803633e-12,4.5000000000000027e-38,2.538699999999998e-05,4.5000000000000027e-38,4.5000000000000027e-38,4.5000000000000027e-38,4.5000000000000027e-38,4.5000000000000027e-38,4.5000000000000027e-38,4.5000000000000027e-38,4.5000000000000027e-38,4.5000000000000027e-38,1.6513194089690496e-36,4.000000000000001e-38,4.5000000000000027e-38,4.5000000000000027e-38,4.5000000000000027e-38,4.5000000000000027e-38,4.5000000000000027e-38,4.5000000000000027e-38,4.5000000000000027e-38,4.5000000000000027e-38,4.5000000000000027e-38,4.5000000000000027e-38,4.5000000000000027e-38
4,2.2675431258707998e-06,181.01790465157845,4.5000000000000027e-38,0.83616,4.5000000000000027e-38,4.5000000000000027e-38,4.5000000000000027e-38,4.5000000000000027e-38,4.5000000000000027e-38,4.5000000000000027e-38,0.16239,0.0011318999999999997,0.0001521299999999998,4.5000000000000027e-38,0.00013716000000000002,9.525244024012536e-13,4.5000000000000027e-38,2.538699999999998e-05,4.5000000000000027e-38,4.5000000000000027e-38,4.5000000000000027e-38,4.5000000000000027e-38,4.5000000000000027e-38,4.5000000000000027e-38,4.5000000000000027e-38,4.5000000000000027e-38,4.5000000000000027e-38,5.330851008120347e-37,4.000000000000001e-38,4.5000000000000027e-38,4.5000000000000027e-38,4.5000000000000027e-38,4.5000000000000027e-38,4.5000000000000027e-38,4.5000000000000027e-38,4.5000000000000027e-38,4.5000000000000027e-38,4.5000000000000027e-38,4.5000000000000027e-38,4.5000000000000027e-38
5,2.782559402207126e-06,181.29805841197145,4.5000000000000027e-38,0.83616,4.5000000000000027e-38,4.5000000000000027e-38,4.5000000000000027e-38,4.5000000000000027e-38,4.5000000000000027e-38,4.5000000000000027e-38,0.16239,0.0011318999999999997,0.0001521299999999998,4.5000000000000027e-38,0.00013716000000000002,6.915350473559875e-13,4.5000000000000027e-38,2.538699999999998e-05,4.5000000000000027e-38,4.5000000000000027e-38,4.5000000000000027e-38,4.5000000000000027e-38,4.5000000000000027e-38,4.5000000000000027e-38,4.5000000000000027e-38,4.5000000000000027e-38,4.5000000000000027e-38,4.170221232179648e-37,4.000000000000001e-38,4.5000000000000027e-38,4.5000000000000027e-38,4.5000000000000027e-38,4.5000000000000027e-38,4.5000000000000027e-38,4.5000000000000027e-38,4.5000000000000027e-38,4.5000000000000027e-38,4.5000000000000027e-38,4.5000000000000027e-38,4.5000000000000027e-38
6,3.414548873833601e-06,181.0286792859954,4.5000000000000027e-38,0.83616,4.5000000000000027e-38,4.5000000000000027e-38,4.5000000000000027e-38,4.5000000000000027e-38,4.5000000000000027e-38,4.5000000000000027e-38,0.16239,0.0011318999999999997,0.00015212999999999997,4.5000000000000027e-38,0.00013716000000000002,4.2151377494549e-13,4.5000000000000027e-38,2.538699999999998e-05,4.5000000000000027e-38,4.5000000000000027e-38,4.5000000000000027e-38,4.5000000000000027e-38,4.5000000000000027e-38,4.5000000000000027e-38,4.5000000000000027e-38,4.5000000000000027e-38,4.5000000000000027e-38,2.6278084497204307e-37,4.000000000000001e-38,4.5000000000000027e-38,4.5000000000000027e-38,4.5000000000000027e-38,4.5000000000000027e-38,4.5000000000000027e-38,4.5000000000000027e-38,4.5000000000000027e-38,4.5000000000000027e-38,4.5000000000000027e-38,4.5000000000000027e-38,4.5000000000000027e-38
7,4.190079105786665e-06,180.640168824409,4.5000000000000027e-38,0.83616,4.5000000000000027e-38,4.5000000000000027e-38,4.5000000000000027e-38,4.5000000000000027e-38,4.5000000000000027e-38,4.5000000000000027e-38,0.16239,0.0011318999999999997,0.0001521299999999998,4.5000000000000027e-38,0.00013715999999999975,2.472586193750676e-13,4.5000000000000027e-38,2.538699999999998e-05,4.5000000000000027e-38,4.5000000000000027e-38,4.5000000000000027e-38,4.5000000000000027e-38,4.5000000000000027e-38,4.5000000000000027e-38,4.5000000000000027e-38,4.5000000000000027e-38,4.5000000000000027e-38,1.6607294760173348e-37,3.9999999999999356e-38,4.5000000000000027e-38,4.5000000000000027e-38,4.5000000000000027e-38,4.5000000000000027e-38,4.5000000000000027e-38,4.5000000000000027e-38,4.5000000000000027e-38,4.5000000000000027e-38,4.5000000000000027e-38,4.5000000000000027e-38,4.5000000000000027e-38
8,5.141751827683928e-06,177.7117153465402,4.500195876307493e-38,0.8361962371486709,4.500195876307493e-38,4.500195876307493e-38,4.500195876307493e-38,4.500195876307493e-38,4.500195876307493e-38,4.500195876307493e-38,0.16239685571213006,0.001078255173300155,0.0001521368556222712,4.500195876307493e-38,0.00013716587630776828,6.357319344858414e-14,4.500195876307493e-38,2.5388077325107924e-05,4.500195876307493e-38,4.500195876307493e-38,4.500195876307493e-38,4.500195876307493e-38,4.500195876307493e-38,4.500195876307493e-38,4.500195876307493e-38,4.500195876307493e-38,4.500195876307493e-38,7.929800999367615e-38,4.000176288235194e-38,4.500195876307493e-38,4.500195876307493e-38,4.500195876307493e-38,4.500195876307493e-38,4.500195876307493e-38,4.500195876307493e-38,4.500195876307493e-38,4.500195876307493e-38,4.500195876307493e-38,4.500195876307493e-38,4.500195876307493e-38
9,6.30957344480193e-06,172.4432784610279,4.500919925015315e-38,0.8363301862171914,4.500919925015315e-38,4.500919925015315e-38,4.500919925015315e-38,4.500919925015315e-38,4.500919925015315e-38,4.500919925015315e-38,0.16242219749183975,0.0009011230575490093,0.00015216219723920404,4.500919925015315e-38,0.0001371875978025936,7.075145463885059e-15,4.500919925015315e-38,2.5392059602813038e-05,4.500919925015315e-38,4.500919925015315e-38,4.500919925015315e-38,4.500919925015315e-38,4.500919925015315e-38,4.500919925015315e-38,4.500919925015315e-38,4.500919925015315e-38,4.500919925015315e-38,5.11581492576232e-38,4.000827931272373e-38,4.500919925015315e-38,4.500919925015315e-38,4.500919925015315e-38,4.500919925015315e-38,4.500919925015315e-38,4.500919925015315e-38,4.500919925015315e-38,4.500919925015315e-38,4.500919925015315e-38,4.500919925015315e-38,4.500919925015315e-38
10,7.742636826811277e-06,167.24573968066667,4.5023797156383865e-38,0.8366012221003224,4.5023797156383865e-38,4.5023797156383865e-38,4.5023797156383865e-38,4.5023797156383865e-38,4.5023797156383865e-38,4.5023797156383865e-38,0.16247426481512256,0.0004383766128459193,0.00015221163060478518,4.5023797156383865e-38,0.00013723263592018,7.260357974762907e-16,4.5023797156383865e-38,2.5400436780353385e-05,4.5023797156383865e-38,4.5023797156383865e-38,4.5023797156383865e-38,4.5023797156383865e-38,4.5023797156383865e-38,4.5023797156383865e-38,4.5023797156383865e-38,4.5023797156383865e-38,4.5023797156383865e-38,4.5023797156383865e-38,4.0021375933828824e-38,4.5023797156383865e-38,4.5023797156383865e-38,4.5023797156383865e-38,4.5023797156383865e-38,4.5023797156383865e-38,4.5023797156383865e-38,4.5023797156383865e-38,4.5023797156383865e-38,4.5023797156383865e-38,4.5023797156383865e-38,4.5023797156383865e-38
11,9.50118507318144e-06,165.8127399010769,4.503066709476991e-38,0.836728286575013,4.503066709476991e-38,4.503066709476991e-38,4.503066709476991e-38,4.503066709476991e-38,4.503066709476991e-38,4.503066709476991e-38,0.1624982802120974,0.00028497392500693145,0.00015223424072992163,4.503066709476991e-38,0.00013725432173370707,2.826151413682816e-16,4.503066709476991e-38,2.540416763918431e-05,4.503066709476991e-38,4.503066709476991e-38,4.503066709476991e-38,4.503066709476991e-38,4.503066709476991e-38,4.503066709476991e-38,4.503066709476991e-38,4.503066709476991e-38,4.503066709476991e-38,4.503066709476991e-38,4.002752301450188e-38,4.503066709476991e-38,4.503066709476991e-38,4.503066709476991e-38,4.503066709476991e-38,4.503066709476991e-38,4.503066709476991e-38,4.503066709476991e-38,4.503066709476991e-38,4.503066709476991e-38,4.503066709476991e-38,4.503066709476991e-38
12,1.165914401179831e-05,164.64839817007913,4.503611300014516e-38,0.8368294490020799,4.503611300014516e-38,4.503611300014516e-38,4.503611300014516e-38,4.503611300014516e-38,4.503611300014516e-38,4.503611300014516e-38,0.16251808932303238,0.00018172141720233833,0.00015225221918849138,4.503611300014516e-38,0.0001372708215161016,1.2076787378511052e-16,4.503611300014516e-38,2.5407197035906453e-05,4.503611300014516e-38,4.503611300014516e-38,4.503611300014516e-38,4.503611300014516e-38,4.503611300014516e-38,4.503611300014516e-38,4.503611300014516e-38,4.503611300014516e-38,4.503611300014516e-38,4.503611300014516e-38,4.003235187402878e-38,4.503611300014516e-38,4.503611300014516e-38,4.503611300014516e-38,4.503611300014516e-38,4.503611300014516e-38,4.503611300014516e-38,4.503611300014516e-38,4.503611300014516e-38,4.503611300014516e-38,4.503611300014516e-38,4.503611300014516e-38
13,1.4307229891937588e-05,163.62045945354762,4.504044802914184e-38,0.8369103301178218,4.504044802914184e-38,4.504044802914184e-38,4.504044802914184e-38,4.504044802914184e-38,4.504044802914184e-38,4.504044802914184e-38,0.16253422290901265,0.00011701791882238227,0.00015226675890221296,4.504044802914184e-38,0.000137283498482133,5.40590843446765e-17,4.504044802914184e-38,2.5409655526452165e-05,4.504044802914184e-38,4.504044802914184e-38,4.504044802914184e-38,4.504044802914184e-38,4.504044802914184e-38,4.504044802914184e-38,4.504044802914184e-38,4.504044802914184e-38,4.504044802914184e-38,4.504044802914184e-38,4.003620875675711e-38,4.504044802914184e-38,4.504044802914184e-38,4.504044802914184e-38,4.504044802914184e-38,4.504044802914184e-38,4.504044802914184e-38,4.504044802914184e-38,4.504044802914184e-38,4.504044802914184e-38,4.504044802914184e-38,4.504044802914184e-38
14,1.7556762912750012e-05,162.679559699895,4.5043908920900213e-38,0.8369750766037733,4.5043908920900213e-38,4.5043908920900213e-38,4.5043908920900213e-38,4.5043908920900213e-38,4.5043908920900213e-38,4.5043908920900213e-38,0.1625471601574828,7.6668815930316e-05,0.00015227852616970098,4.5043908920900213e-38,0.0001372934028642776,2.4910830295131063e-17,4.5043908920900213e-38,2.5411609543558888e-05,4.5043908920900213e-38,4.5043908920900213e-38,4.5043908920900213e-38,4.5043908920900213e-38,4.5043908920900213e-38,4.5043908920900213e-38,4.5043908920900213e-38,4.5043908920900213e-38,4.5043908920900213e-38,4.5043908920900213e-38,4.0039318676508545e-38,4.5043908920900213e-38,4.5043908920900213e-38,4.5043908920900213e-38,4.5043908920900213e-38,4.5043908920900213e-38,4.5043908920900213e-38,4.5043908920900213e-38,4.5043908920900213e-38,4.5043908920900213e-38,4.5043908920900213e-38,4.5043908920900213e-38
15,2.1544346900318867e-05,161.7983179684103,4.504661426521317e-38,0.8370258837485541,4.504661426521317e-38,4.504661426521317e-38,4.504661426521317e-38,4.504661426521317e-38,4.504661426521317e-38,4.504661426521317e-38,0.16255732988768015,5.08144099918391e-05,0.00015228789951780416,4.504661426521317e-38,0.00013730091322113384,1.1702836103499879e-17,4.504661426521317e-38,2.541312720638497e-05,4.504661426521317e-38,4.504661426521317e-38,4.504661426521317e-38,4.504661426521317e-38,4.504661426521317e-38,4.504661426521317e-38,4.504661426521317e-38,4.504661426521317e-38,4.504661426521317e-38,4.504661426521317e-38,4.004178512826311e-38,4.504661426521317e-38,4.504661426521317e-38,4.504661426521317e-38,4.504661426521317e-38,4.504661426521317e-38,4.504661426521317e-38,4.504661426521317e-38,4.504661426521317e-38,4.504661426521317e-38,4.504661426521317e-38,4.504661426521317e-38
16,2.643761185749101e-05,161.11011208369376,4.5048459353577797e-38,0.8370607630009282,4.5048459353577797e-38,4.5048459353577797e-38,4.5048459353577797e-38,4.5048459353577797e-38,4.5048459353577797e-38,4.5048459353577797e-38,0.1625643910779443,3.5182509896262694e-05,0.00015229452589829776,4.5048459353577797e-38,0.0001373056765434759,5.915285168840227e-18,4.5048459353577797e-38,2.5414150878844243e-05,4.5048459353577797e-38,4.5048459353577797e-38,4.5048459353577797e-38,4.5048459353577797e-38,4.5048459353577797e-38,4.5048459353577797e-38,4.5048459353577797e-38,4.5048459353577797e-38,4.5048459353577797e-38,4.5048459353577797e-38,4.0043499789394344e-38,4.5048459353577797e-38,4.5048459353577797e-38,4.5048459353577797e-38,4.5048459353577797e-38,4.5048459353577797e-38,4.5048459353577797e-38,4.5048459353577797e-38,4.5048459353577797e-38,4.5048459353577797e-38,4.5048459353577797e-38,4.5048459353577797e-38
17,3.24422607917163e-05,160.42291410285597,4.504967910211494e-38,0.8370833801948496,4.504967910211494e-38,4.504967910211494e-38,4.504967910211494e-38,4.504967910211494e-38,4.504967910211494e-38,4.504967910211494e-38,0.16256871366895495,2.43309623128486e-05,0.00015229871366141445,4.504967910211494e-38,0.00013730874278202813,2.9840888407290207e-18,4.504967910211494e-38,2.541484964282253e-05,4.504967910211494e-38,4.504967910211494e-38,4.504967910211494e-38,4.504967910211494e-38,4.504967910211494e-38,4.504967910211494e-38,4.504967910211494e-38,4.504967910211494e-38,4.504967910211494e-38,4.504967910211494e-38,4.0044617006815686e-38,4.504967910211494e-38,4.504967910211494e-38,4.504967910211494e-38,4.504967910211494e-38,4.504967910211494e-38,4.504967910211494e-38,4.504967910211494e-38,4.504967910211494e-38,4.504967910211494e-38,4.504967910211494e-38,4.504967910211494e-38
18,3.9810717055349695e-05,159.14332775212534,4.505029677181477e-38,0.8370937751711304,4.505029677181477e-38,4.505029677181477e-38,4.505029677181477e-38,4.505029677181477e-38,4.505029677181477e-38,4.505029677181477e-38,0.16256999999999994,1.4551140594936574e-05,0.00015229999999999993,4.505029677181477e-38,0.000137310807426474,1.1822521028738382e-18,4.505029677181477e-38,2.5415296770025424e-05,4.505029677181477e-38,4.505029677181477e-38,4.505029677181477e-38,4.505029677181477e-38,4.505029677181477e-38,4.505029677181477e-38,4.505029677181477e-38,4.505029677181477e-38,4.505029677181477e-38,4.505029677181477e-38,4.0044999999999823e-38,4.505029677181477e-38,4.505029677181477e-38,4.505029677181477e-38,4.505029677181477e-38,4.505029677181477e-38,4.505029677181477e-38,4.505029677181477e-38,4.505029677181477e-38,4.505029677181477e-38,4.505029677181477e-38,4.505029677181477e-38
19,4.885273571519392e-05,157.50106495705813,4.5050546605150416e-38,0.8370978459625266,4.5050546605150416e-38,4.5050546605150416e-38,4.5050546605150416e-38,4.5050546605150416e-38,4.5050546605150416e-38,4.5050546605150416e-38,0.16257,7.913076323547826e-06,0.00015229999999999993,4.5050546605150416e-38,0.00013731237985600944,4.000906994106392e-19,4.5050546605150416e-38,2.5415546603025235e-05,4.5050546605150416e-38,4.5050546605150416e-38,4.5050546605150416e-38,4.5050546605150416e-38,4.5050546605150416e-38,4.5050546605150416e-38,4.5050546605150416e-38,4.5050546605150416e-38,4.5050546605150416e-38,4.5050546605150416e-38,4.0044999999999823e-38,4.5050546605150416e-38,4.5050546605150416e-38,4.5050546605150416e-38,4.5050546605150416e-38,4.5050546605150416e-38,4.5050546605150416e-38,4.5050546605150416e-38,4.5050546605150416e-38,4.5050546605150416e-38,4.5050546605150416e-38,4.5050546605150416e-38
20,5.994842503189409e-05,155.86580571094117,4.505074409021458e-38,0.8371014194947309,4.505074409021458e-38,4.505074409021458e-38,4.505074409021458e-38,4.505074409021458e-38,4.505074409021458e-38,4.505074409021458e-38,0.16257,4.274283071651843e-06,0.00015229999999999993,4.505074409021458e-38,0.00013731397852206225,1.3388292566602072e-19,4.505074409021458e-38,2.5415744088582087e-05,4.505074409021458e-38,4.505074409021458e-38,4.505074409021458e-38,4.505074409021458e-38,4.505074409021458e-38,4.505074409021458e-38,4.505074409021458e-38,4.505074409021458e-38,4.505074409021458e-38,4.505074409021458e-38,4.004499999999917e-38,4.505074409021458e-38,4.505074409021458e-38,4.505074409021458e-38,4.505074409021458e-38,4.505074409021458e-38,4.505074409021458e-38,4.505074409021458e-38,4.505074409021458e-38,4.505074409021458e-38,4.505074409021458e-38,4.505074409021458e-38
21,7.356422544596421e-05,154.19198610049492,4.5050889077398075e-38,0.8371045408694794,4.5050889077398075e-38,4.5050889077398075e-38,4.5050889077398075e-38,4.5050889077398075e-38,4.5050889077398075e-38,4.5050889077398075e-38,0.16257,2.265923258955161e-06,0.00015230000000000007,4.5050889077398075e-38,0.00013731565002311657,4.342446329801006e-20,4.5050889077398075e-38,2.5415889076552583e-05,4.5050889077398075e-38,4.5050889077398075e-38,4.5050889077398075e-38,4.5050889077398075e-38,4.5050889077398075e-38,4.5050889077398075e-38,4.5050889077398075e-38,4.5050889077398075e-38,4.5050889077398075e-38,4.5050889077398075e-38,4.0044999999999823e-38,4.5050889077398075e-38,4.5050889077398075e-38,4.5050889077398075e-38,4.5050889077398075e-38,4.5050889077398075e-38,4.5050889077398075e-38,4.5050889077398075e-38,4.5050889077398075e-38,4.5050889077398075e-38,4.5050889077398075e-38,4.5050889077398075e-38
22,9.027251779484578e-05,152.51084000120392,4.505097760972075e-38,0.8371071419480719,4.505097760972075e-38,4.505097760972075e-38,4.505097760972075e-38,4.505097760972075e-38,4.505097760972075e-38,4.505097760972075e-38,0.16257,1.1876337894790754e-06,0.00015229999999999993,4.505097760972075e-38,0.0001373173657926532,1.381991542398218e-20,4.505097760972075e-38,2.5415977609532856e-05,4.505097760972075e-38,4.505097760972075e-38,4.505097760972075e-38,4.505097760972075e-38,4.505097760972075e-38,4.505097760972075e-38,4.505097760972075e-38,4.505097760972075e-38,4.505097760972075e-38,4.505097760972075e-38,4.0044999999999823e-38,4.505097760972075e-38,4.505097760972075e-38,4.505097760972075e-38,4.505097760972075e-38,4.505097760972075e-38,4.505097760972075e-38,4.505097760972075e-38,4.505097760972075e-38,4.505097760972075e-38,4.505097760972075e-38,4.505097760972075e-38
23,0.00011077568505097098,150.78205136742565,4.505108542012547e-38,0.8371101016414789,4.505108542012547e-38,4.505108542012547e-38,4.505108542012547e-38,4.505108542012547e-38,4.505108542012547e-38,4.505108542012547e-38,0.16257085418589817,6.08457179270437e-07,0.00015230085418427788,4.505108542012547e-38,0.00013731924741580394,4.234419670903131e-21,4.505108542012547e-38,2.369538174917216e-05,4.505108542012547e-38,4.505108542012547e-38,4.505108542012547e-38,4.505108542012547e-38,4.505108542012547e-38,4.505108542012547e-38,4.505108542012547e-38,4.505108542012547e-38,4.505108542012547e-38,4.505108542012547e-38,4.0045085420016373e-38,4.505108542012547e-38,4.505108542012547e-38,4.505108542012547e-38,4.505108542012547e-38,4.505108542012547e-38,4.505108542012547e-38,4.505108542012547e-38,4.505108542012547e-38,4.505108542012547e-38,4.505108542012547e-38,4.505108542012547e-38
24,0.00013593563908785255,149.19106654516062,4.5051334147841385e-38,0.8371141005778853,4.5051334147841385e-38,4.5051334147841385e-38,4.5051334147841385e-38,4.5051334147841385e-38,4.5051334147841385e-38,4.5051334147841385e-38,0.16257334143468316,3.2041776486589716e-07,0.00015230334143006912,4.5051334147841385e-38,0.00013731999999999972,1.3607440323681683e-21,4.5051334147841385e-38,1.678636255905926e-05,4.5051334147841385e-38,4.5051334147841385e-38,4.5051334147841385e-38,4.5051334147841385e-38,4.5051334147841385e-38,4.5051334147841385e-38,4.5051334147841385e-38,4.5051334147841385e-38,4.5051334147841385e-38,4.5051334147841385e-38,4.0045334147533067e-38,4.5051334147841385e-38,4.5051334147841385e-38,4.5051334147841385e-38,4.5051334147841385e-38,4.5051334147841385e-38,4.5051334147841385e-38,4.5051334147841385e-38,4.5051334147841385e-38,4.5051334147841385e-38,4.5051334147841385e-38,4.5051334147841385e-38
25,0.0001668100537200059,147.6763024438688,4.505158344268832e-38,0.8371180373284864,4.505158344268832e-38,4.505158344268832e-38,4.505158344268832e-38,4.505158344268832e-38,4.505158344268832e-38,4.505158344268832e-38,0.16257583437910875,1.7080066151447464e-07,0.0001523058343740687,4.505158344268832e-38,0.00013732,4.469818948103736e-22,4.505158344268832e-38,1.0008939999429655e-05,4.505158344268832e-38,4.505158344268832e-38,4.505158344268832e-38,4.505158344268832e-38,4.505158344268832e-38,4.505158344268832e-38,4.505158344268832e-38,4.505158344268832e-38,4.505158344268832e-38,4.505158344268832e-38,4.004558344235095e-38,4.505158344268832e-38,4.505158344268832e-38,4.505158344268832e-38,4.505158344268832e-38,4.505158344268832e-38,4.505158344268832e-38,4.505158344268832e-38,4.505158344268832e-38,4.505158344268832e-38,4.505158344268832e-38,4.505158344268832e-38
26,0.0002046968271807522,146.08532572599438,4.5051782590695e-38,0.837121577496647,4.5051782590695e-38,4.5051782590695e-38,4.5051782590695e-38,4.5051782590695e-38,4.5051782590695e-38,4.5051782590695e-38,0.1625778258735007,8.828184661662696e-08,0.0001523078258699723,4.5051782590695e-38,0.00013732,1.3950722865101227e-22,4.5051782590695e-38,5.724302852354959e-06,4.5051782590695e-38,4.5051782590695e-38,4.5051782590695e-38,4.5051782590695e-38,4.5051782590695e-38,4.5051782590695e-38,4.5051782590695e-38,4.5051782590695e-38,4.5051782590695e-38,4.5051782590695e-38,4.004578259045833e-38,4.5051782590695e-38,4.5051782590695e-38,4.5051782590695e-38,4.5051782590695e-38,4.5051782590695e-38,4.5051782590695e-38,4.5051782590695e-38,4.5051782590695e-38,4.5051782590695e-38,4.5051782590695e-38,4.5051782590695e-38
27,0.00025118864315095795,144.4773148085754,4.5051924862108026e-38,0.8371246001435734,4.5051924862108026e-38,4.5051924862108026e-38,4.5051924862108026e-38,4.5051924862108026e-38,4.5051924862108026e-38,4.5051924862108026e-38,0.1625792486074149,4.4948067793885095e-08,0.00015230924860597388,4.5051924862108026e-38,0.00013732,4.2467333878340245e-23,4.5051924862108026e-38,3.1791200764491114e-06,4.5051924862108026e-38,4.5051924862108026e-38,4.5051924862108026e-38,4.5051924862108026e-38,4.5051924862108026e-38,4.5051924862108026e-38,4.5051924862108026e-38,4.5051924862108026e-38,4.5051924862108026e-38,4.5051924862108026e-38,4.004592486201092e-38,4.5051924862108026e-38,4.5051924862108026e-38,4.5051924862108026e-38,4.5051924862108026e-38,4.5051924862108026e-38,4.5051924862108026e-38,4.5051924862108026e-38,4.5051924862108026e-38,4.5051924862108026e-38,4.5051924862108026e-38,4.5051924862108026e-38
28,0.00030823992397451433,142.7976546375092,4.5052000000000913e-38,0.8371271273648629,4.5052000000000913e-38,4.5052000000000913e-38,4.5052000000000913e-38,4.5052000000000913e-38,4.5052000000000913e-38,4.5052000000000913e-38,0.16258000000000003,2.2158263224502797e-08,0.00015231000000000023,4.5052000000000913e-38,0.00013732,1.2253840737433248e-23,4.5052000000000913e-38,1.6833833753681084e-06,4.5052000000000913e-38,4.5052000000000913e-38,4.5052000000000913e-38,4.5052000000000913e-38,4.5052000000000913e-38,4.5052000000000913e-38,4.5052000000000913e-38,4.5052000000000913e-38,4.5052000000000913e-38,4.5052000000000913e-38,4.0046000000000057e-38,4.5052000000000913e-38,4.5052000000000913e-38,4.5052000000000913e-38,4.5052000000000913e-38,4.5052000000000913e-38,4.5052000000000913e-38,4.5052000000000913e-38,4.5052000000000913e-38,4.5052000000000913e-38,4.5052000000000913e-38,4.5052000000000913e-38
29,0.00037824899063893864,141.10691860417703,4.5052000000000177e-38,0.8371290498305037,4.5052000000000177e-38,4.5052000000000177e-38,4.5052000000000177e-38,4.5052000000000177e-38,4.5052000000000177e-38,4.5052000000000177e-38,0.16258000000000003,1.075650337986274e-08,0.00015231000000000006,4.5052000000000177e-38,0.00013732,3.446641324874076e-24,4.5052000000000177e-38,8.609442069244127e-07,4.5052000000000177e-38,4.5052000000000177e-38,4.5052000000000177e-38,4.5052000000000177e-38,4.5052000000000177e-38,4.5052000000000177e-38,4.5052000000000177e-38,4.5052000000000177e-38,4.5052000000000177e-38,4.5052000000000177e-38,4.0046000000000057e-38,4.5052000000000177e-38,4.5052000000000177e-38,4.5052000000000177e-38,4.5052000000000177e-38,4.5052000000000177e-38,4.5052000000000177e-38,4.5052000000000177e-38,4.5052000000000177e-38,4.5052000000000177e-38,4.5052000000000177e-38,4.5052000000000177e-38
30,0.0004641588833612782,139.42542595366695,4.5052000000000177e-38,0.83713,4.5052000000000177e-38,4.5052000000000177e-38,4.5052000000000177e-38,4.5052000000000177e-38,4.5052000000000177e-38,4.5052000000000177e-38,0.16257999999999997,5.171602732539192e-09,0.00015231000000000006,4.5052000000000177e-38,0.00013732,9.555154304397051e-25,4.5052000000000177e-38,4.3652236431054736e-07,4.5052000000000177e-38,4.5052000000000177e-38,4.5052000000000177e-38,4.5052000000000177e-38,4.5052000000000177e-38,4.5052000000000177e-38,4.5052000000000177e-38,4.5052000000000177e-38,4.5052000000000177e-38,4.5052000000000177e-38,4.0046000000000057e-38,4.5052000000000177e-38,4.5052000000000177e-38,4.5052000000000177e-38,4.5052000000000177e-38,4.5052000000000177e-38,4.5052000000000177e-38,4.5052000000000177e-38,4.5052000000000177e-38,4.5052000000000177e-38,4.5052000000000177e-38,4.5052000000000177e-38
31,0.0005695810810737687,137.8614209347987,4.5052000000000177e-38,0.83713,4.5052000000000177e-38,4.5052000000000177e-38,4.5052000000000177e-38,4.5052000000000177e-38,4.5052000000000177e-38,4.5052000000000177e-38,0.16258000000000003,2.550198139394415e-09,0.00015231000000000006,4.5052000000000177e-38,0.00013732,2.7699031090499467e-25,4.5052000000000177e-38,2.2642468079004922e-07,4.5052000000000177e-38,4.5052000000000177e-38,4.5052000000000177e-38,4.5052000000000177e-38,4.5052000000000177e-38,4.5052000000000177e-38,4.5052000000000177e-38,4.5052000000000177e-38,4.5052000000000177e-38,4.5052000000000177e-38,4.0046000000000057e-38,4.5052000000000177e-38,4.5052000000000177e-38,4.5052000000000177e-38,4.5052000000000177e-38,4.5052000000000177e-38,4.5052000000000177e-38,4.5052000000000177e-38,4.5052000000000177e-38,4.5052000000000177e-38,4.5052000000000177e-38,4.5052000000000177e-38
32,0.0006989473207273487,136.58398665481508,4.5052000000000177e-38,0.83713,4.5052000000000177e-38,4.5052000000000177e-38,4.5052000000000177e-38,4.5052000000000177e-38,4.5052000000000177e-38,4.5052000000000177e-38,0.16258000000000006,1.3670658480070374e-09,0.00015231000000000006,4.5052000000000177e-38,0.00013732,9.215850818766138e-26,4.5052000000000177e-38,1.2660627549901835e-07,4.5052000000000177e-38,4.5052000000000177e-38,4.5052000000000177e-38,4.5052000000000177e-38,4.5052000000000177e-38,4.5052000000000177e-38,4.5052000000000177e-38,4.5052000000000177e-38,4.5052000000000177e-38,4.5052000000000177e-38,4.0046000000000057e-38,4.5052000000000177e-38,4.5052000000000177e-38,4.5052000000000177e-38,4.5052000000000177e-38,4.5052000000000177e-38,4.5052000000000177e-38,4.5052000000000177e-38,4.5052000000000177e-38,4.5052000000000177e-38,4.5052000000000177e-38,4.5052000000000177e-38
33,0.0008576958985908946,135.6377566745107,4.5052000000000177e-38,0.83713,4.5052000000000177e-38,4.5052000000000177e-38,4.5052000000000177e-38,4.5052000000000177e-38,4.5052000000000177e-38,4.5052000000000177e-38,0.16258000000000003,8.127495244947896e-10,0.00015231000000000006,4.5052000000000177e-38,0.00013732,3.637322617483657e-26,4.5052000000000177e-38,7.769833068294688e-08,4.5052000000000177e-38,4.5052000000000177e-38,4.5052000000000177e-38,4.5052000000000177e-38,4.5052000000000177e-38,4.5052000000000177e-38,4.5052000000000177e-38,4.5052000000000177e-38,4.5052000000000177e-38,4.5052000000000177e-38,4.0046000000000057e-38,4.5052000000000177e-38,4.5052000000000177e-38,4.5052000000000177e-38,4.5052000000000177e-38,4.5052000000000177e-38,4.5052000000000177e-38,4.5052000000000177e-38,4.5052000000000177e-38,4.5052000000000177e-38,4.5052000000000177e-38,4.5052000000000177e-38
34,0.0010525002852777327,135.06377717115413,4.5052000000000177e-38,0.83713,4.5052000000000177e-38,4.5052000000000177e-38,4.5052000000000177e-38,4.5052000000000177e-38,4.5052000000000177e-38,4.5052000000000177e-38,0.16258000000000003,5.458375032302288e-10,0.0001523099999999999,4.5052000000000177e-38,0.00013732,1.7554375237603086e-26,4.5052000000000177e-38,5.320796185834307e-08,4.5052000000000177e-38,4.5052000000000177e-38,4.5052000000000177e-38,4.5052000000000177e-38,4.5052000000000177e-38,4.5052000000000177e-38,4.5052000000000177e-38,4.5052000000000177e-38,4.5052000000000177e-38,4.5052000000000177e-38,4.0046000000000057e-38,4.5052000000000177e-38,4.5052000000000177e-38,4.5052000000000177e-38,4.5052000000000177e-38,4.5052000000000177e-38,4.5052000000000177e-38,4.5052000000000177e-38,4.5052000000000177e-38,4.5052000000000177e-38,4.5052000000000177e-38,4.5052000000000177e-38
35,0.001291549665014884,134.77564393199788,4.5052000000000177e-38,0.83713,4.5052000000000177e-38,4.5052000000000177e-38,4.5052000000000177e-38,4.5052000000000177e-38,4.5052000000000177e-38,4.5052000000000177e-38,0.16258000000000006,4.0339979987543524e-10,0.0001523099999999999,4.5052000000000177e-38,0.00013732,9.921568127897179e-27,4.5052000000000177e-38,3.9712001647393656e-08,4.5052000000000177e-38,4.5052000000000177e-38,4.5052000000000177e-38,4.5052000000000177e-38,4.5052000000000177e-38,4.5052000000000177e-38,4.5052000000000177e-38,4.5052000000000177e-38,4.5052000000000177e-38,4.5052000000000177e-38,4.0046000000000057e-38,4.5052000000000177e-38,4.5052000000000177e-38,4.5052000000000177e-38,4.5052000000000177e-38,4.5052000000000177e-38,4.5052000000000177e-38,4.5052000000000177e-38,4.5052000000000177e-38,4.5052000000000177e-38,4.5052000000000177e-38,4.5052000000000177e-38
36,0.001584893192461114,134.6057869466361,4.5052000000000177e-38,0.83713,4.5052000000000177e-38,4.5052000000000177e-38,4.5052000000000177e-38,4.5052000000000177e-38,4.5052000000000177e-38,4.5052000000000177e-38,0.16258000000000006,3.1027284948970466e-10,0.00015231000000000023,4.5052000000000177e-38,0.00013732000000000026,5.98937565838556e-27,4.5052000000000177e-38,3.0722556673576145e-08,4.5052000000000177e-38,4.5052000000000177e-38,4.5052000000000177e-38,4.5052000000000177e-38,4.5052000000000177e-38,4.5052000000000177e-38,4.5052000000000177e-38,4.5052000000000177e-38,4.5052000000000177e-38,4.5052000000000177e-38,4.0046000000000057e-38,4.5052000000000177e-38,4.5052000000000177e-38,4.5052000000000177e-38,4.5052000000000177e-38,4.5052000000000177e-38,4.5052000000000177e-38,4.5052000000000177e-38,4.5052000000000177e-38,4.5052000000000177e-38,4.5052000000000177e-38,4.5052000000000177e-38
37,0.0019448624389373636,134.4486375043785,4.5052000000000177e-38,0.83713,4.5052000000000177e-38,4.5052000000000177e-38,4.5052000000000177e-38,4.5052000000000177e-38,4.5052000000000177e-38,4.5052000000000177e-38,0.16257999999999997,2.3964778618403253e-10,0.00015231000000000006,4.5052000000000177e-38,0.00013732,3.640731421641891e-27,4.5052000000000177e-38,2.385784286541969e-08,4.5052000000000177e-38,4.5052000000000177e-38,4.5052000000000177e-38,4.5052000000000177e-38,4.5052000000000177e-38,4.5052000000000177e-38,4.5052000000000177e-38,4.5052000000000177e-38,4.5052000000000177e-38,4.5052000000000177e-38,4.0046000000000057e-38,4.5052000000000177e-38,4.5052000000000177e-38,4.5052000000000177e-38,4.5052000000000177e-38,4.5052000000000177e-38,4.5052000000000177e-38,4.5052000000000177e-38,4.5052000000000177e-38,4.5052000000000177e-38,4.5052000000000177e-38,4.5052000000000177e-38
38,0.002386589786858581,134.31053500956276,4.5052000000000913e-38,0.83713,4.5052000000000913e-38,4.5052000000000913e-38,4.5052000000000913e-38,4.5052000000000913e-38,4.5052000000000913e-38,4.5052000000000913e-38,0.16258000000000006,1.8628586105992892e-10,0.00015231000000000006,4.5052000000000913e-38,0.00013732,2.236546293231461e-27,4.5052000000000913e-38,1.8633837661682826e-08,4.5052000000000913e-38,4.5052000000000913e-38,4.5052000000000913e-38,4.5052000000000913e-38,4.5052000000000913e-38,4.5052000000000913e-38,4.5052000000000913e-38,4.5052000000000913e-38,4.5052000000000913e-38,4.5052000000000913e-38,4.0046000000000057e-38,4.5052000000000913e-38,4.5052000000000913e-38,4.5052000000000913e-38,4.5052000000000913e-38,4.5052000000000913e-38,4.5052000000000913e-38,4.5052000000000913e-38,4.5052000000000913e-38,4.5052000000000913e-38,4.5052000000000913e-38,4.5052000000000913e-38
39,0.0029286445646252374,134.3336141578088,4.5052000000000177e-38,0.83713,4.5052000000000177e-38,4.5052000000000177e-38,4.5052000000000177e-38,4.5052000000000177e-38,4.5052000000000177e-38,4.5052000000000177e-38,0.16258000000000003,1.5301043149290064e-10,0.00015231000000000006,4.5052000000000177e-38,0.00013732,1.504742636603615e-27,4.5052000000000177e-38,1.5293188805969895e-08,4.5052000000000177e-38,4.5052000000000177e-38,4.5052000000000177e-38,4.5052000000000177e-38,4.5052000000000177e-38,4.5052000000000177e-38,4.5052000000000177e-38,4.5052000000000177e-38,4.5052000000000177e-38,4.5052000000000177e-38,4.0046000000000057e-38,4.5052000000000177e-38,4.5052000000000177e-38,4.5052000000000177e-38,4.5052000000000177e-38,4.5052000000000177e-38,4.5052000000000177e-38,4.5052000000000177e-38,4.5052000000000177e-38,4.5052000000000177e-38,4.5052000000000177e-38,4.5052000000000177e-38
40,0.0035938136638046293,134.68215570769493,4.5052000000000913e-38,0.83713,4.5052000000000913e-38,4.5052000000000913e-38,4.5052000000000913e-38,4.5052000000000913e-38,4.5052000000000913e-38,4.5052000000000913e-38,0.1625800000000001,1.4043768523406333e-10,0.00015231000000000006,4.5052000000000913e-38,0.00013732,1.2159454371408388e-27,4.5052000000000913e-38,1.3869461492990202e-08,4.5052000000000913e-38,4.5052000000000913e-38,4.5052000000000913e-38,4.5052000000000913e-38,4.5052000000000913e-38,4.5052000000000913e-38,4.5052000000000913e-38,4.5052000000000913e-38,4.5052000000000913e-38,4.5052000000000913e-38,4.0046000000000714e-38,4.5052000000000913e-38,4.5052000000000913e-38,4.5052000000000913e-38,4.5052000000000913e-38,4.5052000000000913e-38,4.5052000000000913e-38,4.5052000000000913e-38,4.5052000000000913e-38,4.5052000000000913e-38,4.5052000000000913e-38,4.5052000000000913e-38
41,0.004410059454176736,135.3364207946041,4.5052000000000177e-38,0.83713,4.5052000000000177e-38,4.5052000000000177e-38,4.5052000000000177e-38,4.5052000000000177e-38,4.5052000000000177e-38,4.5052000000000177e-38,0.16257999999999997,1.4283481883376987e-10,0.0001523099999999999,4.5052000000000177e-38,0.00013732,1.163967421657124e-27,4.5052000000000177e-38,1.3794928334372065e-08,4.5052000000000177e-38,4.5052000000000177e-38,4.5052000000000177e-38,4.5052000000000177e-38,4.5052000000000177e-38,4.5052000000000177e-38,4.5052000000000177e-38,4.5052000000000177e-38,4.5052000000000177e-38,4.5052000000000177e-38,4.0046000000000057e-38,4.5052000000000177e-38,4.5052000000000177e-38,4.5052000000000177e-38,4.5052000000000177e-38,4.5052000000000177e-38,4.5052000000000177e-38,4.5052000000000177e-38,4.5052000000000177e-38,4.5052000000000177e-38,4.5052000000000177e-38,4.5052000000000177e-38
42,0.0054116952654646375,136.16355300946108,4.5052000000000177e-38,0.83713,4.5052000000000177e-38,4.5052000000000177e-38,4.5052000000000177e-38,4.5052000000000177e-38,4.5052000000000177e-38,4.5052000000000177e-38,0.16258000000000003,1.5356376495473686e-10,0.00015231000000000006,4.5052000000000177e-38,0.00013732,1.2210761219097631e-27,4.5052000000000177e-38,1.4423040425661749e-08,4.5052000000000177e-38,4.5052000000000177e-38,4.5052000000000177e-38,4.5052000000000177e-38,4.5052000000000177e-38,4.5052000000000177e-38,4.5052000000000177e-38,4.5052000000000177e-38,4.5052000000000177e-38,4.5052000000000177e-38,4.0046000000000057e-38,4.5052000000000177e-38,4.5052000000000177e-38,4.5052000000000177e-38,4.5052000000000177e-38,4.5052000000000177e-38,4.5052000000000177e-38,4.5052000000000177e-38,4.5052000000000177e-38,4.5052000000000177e-38,4.5052000000000177e-38,4.5052000000000177e-38
43,0.006640827850634845,137.07496086883438,4.5052000000000913e-38,0.83713,4.5052000000000913e-38,4.5052000000000913e-38,4.5052000000000913e-38,4.5052000000000913e-38,4.5052000000000913e-38,4.5052000000000913e-38,0.16258000000000003,1.6916992247672281e-10,0.00015231000000000006,4.5052000000000913e-38,0.00013732000000000013,1.333530159605078e-27,4.5052000000000913e-38,1.5413779306328903e-08,4.5052000000000913e-38,4.5052000000000913e-38,4.5052000000000913e-38,4.5052000000000913e-38,4.5052000000000913e-38,4.5052000000000913e-38,4.5052000000000913e-38,4.5052000000000913e-38,4.5052000000000913e-38,4.5052000000000913e-38,4.0046000000000057e-38,4.5052000000000913e-38,4.5052000000000913e-38,4.5052000000000913e-38,4.5052000000000913e-38,4.5052000000000913e-38,4.5052000000000913e-38,4.5052000000000913e-38,4.5052000000000913e-38,4.5052000000000913e-38,4.5052000000000913e-38,4.5052000000000913e-38
44,0.008149127469020748,138.05491011995605,4.505199999999944e-38,0.83713,4.505199999999944e-38,4.505199999999944e-38,4.505199999999944e-38,4.505199999999944e-38,4.505199999999944e-38,4.505199999999944e-38,0.16257999999999997,1.8979065804648468e-10,0.00015231000000000006,4.505199999999944e-38,0.00013732,1.5008172072239372e-27,4.505199999999944e-38,1.674488161857134e-08,4.505199999999944e-38,4.505199999999944e-38,4.505199999999944e-38,4.505199999999944e-38,4.505199999999944e-38,4.505199999999944e-38,4.505199999999944e-38,4.505199999999944e-38,4.505199999999944e-38,4.505199999999944e-38,4.0046000000000057e-38,4.505199999999944e-38,4.505199999999944e-38,4.505199999999944e-38,4.505199999999944e-38,4.505199999999944e-38,4.505199999999944e-38,4.505199999999944e-38,4.505199999999944e-38,4.505199999999944e-38,4.505199999999944e-38,4.505199999999944e-38
45,0.01,139.1842270733158,4.5052000000000177e-38,0.83713,4.5052000000000177e-38,4.5052000000000177e-38,4.5052000000000177e-38,4.5052000000000177e-38,4.5052000000000177e-38,4.5052000000000177e-38,0.16258000000000003,2.2231270830606858e-10,0.00015231000000000006,4.5052000000000177e-38,0.00013732,1.8137307529286897e-27,4.5052000000000177e-38,1.8910661800729846e-08,4.5052000000000177e-38,4.5052000000000177e-38,4.5052000000000177e-38,4.5052000000000177e-38,4.5052000000000177e-38,4.5052000000000177e-38,4.5052000000000177e-38,4.5052000000000177e-38,4.5052000000000177e-38,4.5052000000000177e-38,4.0046000000000057e-38,4.5052000000000177e-38,4.5052000000000177e-38,4.5052000000000177e-38,4.5052000000000177e-38,4.5052000000000177e-38,4.5052000000000177e-38,4.5052000000000177e-38,4.5052000000000177e-38,4.5052000000000177e-38,4.5052000000000177e-38,4.5052000000000177e-38
46,0.012271252398511916,140.50492457771117,4.5052000000000177e-38,0.83713,4.5052000000000177e-38,4.5052000000000177e-38,4.5052000000000177e-38,4.5052000000000177e-38,4.5052000000000177e-38,4.5052000000000177e-38,0.16258000000000003,2.7488233758628456e-10,0.00015231000000000006,4.5052000000000177e-38,0.00013732,2.3996966454207704e-27,4.5052000000000177e-38,2.2420989174877998e-08,4.5052000000000177e-38,4.5052000000000177e-38,4.5052000000000177e-38,4.5052000000000177e-38,4.5052000000000177e-38,4.5052000000000177e-38,4.5052000000000177e-38,4.5052000000000177e-38,4.5052000000000177e-38,4.5052000000000177e-38,4.0046000000000714e-38,4.5052000000000177e-38,4.5052000000000177e-38,4.5052000000000177e-38,4.5052000000000177e-38,4.5052000000000177e-38,4.5052000000000177e-38,4.5052000000000177e-38,4.5052000000000177e-38,4.5052000000000177e-38,4.5052000000000177e-38,4.5052000000000177e-38
47,0.015058363542798416,141.91484579888444,4.5052000000000177e-38,0.83713,4.5052000000000177e-38,4.5052000000000177e-38,4.5052000000000177e-38,4.5052000000000177e-38,4.5052000000000177e-38,4.5052000000000177e-38,0.16257999999999997,3.466122328961553e-10,0.00015231000000000006,4.5052000000000177e-38,0.00013731999999999972,3.2869221279180844e-27,4.5052000000000177e-38,2.7055645753861957e-08,4.5052000000000177e-38,4.5052000000000177e-38,4.5052000000000177e-38,4.5052000000000177e-38,4.5052000000000177e-38,4.5052000000000177e-38,4.5052000000000177e-38,4.5052000000000177e-38,4.5052000000000177e-38,4.5052000000000177e-38,4.0046000000000057e-38,4.5052000000000177e-38,4.5052000000000177e-38,4.5052000000000177e-38,4.5052000000000177e-38,4.5052000000000177e-38,4.5052000000000177e-38,4.5052000000000177e-38,4.5052000000000177e-38,4.5052000000000177e-38,4.5052000000000177e-38,4.5052000000000177e-38
48,0.018478497974222907,143.35153855246875,4.5052000000000177e-38,0.83713,4.5052000000000177e-38,4.5052000000000177e-38,4.5052000000000177e-38,4.5052000000000177e-38,4.5052000000000177e-38,4.5052000000000177e-38,0.16257999999999997,4.3682183310734417e-10,0.00015231000000000006,4.5052000000000177e-38,0.00013731999999999986,4.4981061453178534e-27,4.5052000000000177e-38,3.263238325155249e-08,4.5052000000000177e-38,4.5052000000000177e-38,4.5052000000000177e-38,4.5052000000000177e-38,4.5052000000000177e-38,4.5052000000000177e-38,4.5052000000000177e-38,4.5052000000000177e-38,4.5052000000000177e-38,4.5052000000000177e-38,4.0046000000000057e-38,4.5052000000000177e-38,4.5052000000000177e-38,4.5052000000000177e-38,4.5052000000000177e-38,4.5052000000000177e-38,4.5052000000000177e-38,4.5052000000000177e-38,4.5052000000000177e-38,4.5052000000000177e-38,4.5052000000000177e-38,4.5052000000000177e-38
49,0.022675431258708044,144.8366690939585,4.505199999999944e-38,0.83713,4.505199999999944e-38,4.505199999999944e-38,4.505199999999944e-38,4.505199999999944e-38,4.505199999999944e-38,4.505199999999944e-38,0.16258000000000006,5.536047771422832e-10,0.00015231000000000006,4.505199999999944e-38,0.00013732,6.213092959442547e-27,4.505199999999944e-38,3.955760921433137e-08,4.505199999999944e-38,4.505199999999944e-38,4.505199999999944e-38,4.505199999999944e-38,4.505199999999944e-38,4.505199999999944e-38,4.505199999999944e-38,4.505199999999944e-38,4.505199999999944e-38,4.505199999999944e-38,4.0046000000000057e-38,4.505199999999944e-38,4.505199999999944e-38,4.505199999999944e-38,4.505199999999944e-38,4.505199999999944e-38,4.505199999999944e-38,4.505199999999944e-38,4.505199999999944e-38,4.505199999999944e-38,4.505199999999944e-38,4.505199999999944e-38
50,0.02782559402207126,146.46229405037673,4.5052000000000177e-38,0.83713,4.5052000000000177e-38,4.5052000000000177e-38,4.5052000000000177e-38,4.5052000000000177e-38,4.5052000000000177e-38,4.5052000000000177e-38,0.16258000000000003,7.240678292914943e-10,0.00015231000000000006,4.5052000000000177e-38,0.00013732,9.042302361718019e-27,4.5052000000000177e-38,4.933075484916151e-08,4.5052000000000177e-38,4.5052000000000177e-38,4.5052000000000177e-38,4.5052000000000177e-38,4.5052000000000177e-38,4.5052000000000177e-38,4.5052000000000177e-38,4.5052000000000177e-38,4.5052000000000177e-38,4.5052000000000177e-38,4.0046000000000057e-38,4.5052000000000177e-38,4.5052000000000177e-38,4.5052000000000177e-38,4.5052000000000177e-38,4.5052000000000177e-38,4.5052000000000177e-38,4.5052000000000177e-38,4.5052000000000177e-38,4.5052000000000177e-38,4.5052000000000177e-38,4.5052000000000177e-38
51,0.034145488738336005,148.33786251541298,4.5052000000000177e-38,0.83713,4.5052000000000177e-38,4.5052000000000177e-38,4.5052000000000177e-38,4.5052000000000177e-38,4.5052000000000177e-38,4.5052000000000177e-38,0.16258000000000003,1.005435266196017e-09,0.00015231000000000023,4.5052000000000177e-38,0.00013732000000000013,1.453318656857603e-26,4.5052000000000177e-38,6.492083695161226e-08,4.5052000000000177e-38,4.5052000000000177e-38,4.5052000000000177e-38,4.5052000000000177e-38,4.5052000000000177e-38,4.5052000000000177e-38,4.5052000000000177e-38,4.5052000000000177e-38,4.5052000000000177e-38,4.5052000000000177e-38,4.0046000000000057e-38,4.5052000000000177e-38,4.5052000000000177e-38,4.5052000000000177e-38,4.5052000000000177e-38,4.5052000000000177e-38,4.5052000000000177e-38,4.5052000000000177e-38,4.5052000000000177e-38,4.5052000000000177e-38,4.5052000000000177e-38,4.5052000000000177e-38
52,0.04190079105786674,150.45239720258456,4.5052000000000177e-38,0.83713,4.5052000000000177e-38,4.5052000000000177e-38,4.5052000000000177e-38,4.5052000000000177e-38,4.5052000000000177e-38,4.5052000000000177e-38,0.16258000000000003,1.4706146430244487e-09,0.00015231000000000006,4.5052000000000177e-38,0.00013732,2.5486775439505273e-26,4.5052000000000177e-38,8.952573208824761e-08,4.5052000000000177e-38,4.5052000000000177e-38,4.5052000000000177e-38,4.5052000000000177e-38,4.5052000000000177e-38,4.5052000000000177e-38,4.5052000000000177e-38,4.5052000000000177e-38,4.5052000000000177e-38,4.5052000000000177e-38,4.0046000000000057e-38,4.5052000000000177e-38,4.5052000000000177e-38,4.5052000000000177e-38,4.5052000000000177e-38,4.5052000000000177e-38,4.5052000000000177e-38,4.5052000000000177e-38,4.5052000000000177e-38,4.5052000000000177e-38,4.5052000000000177e-38,4.5052000000000177e-38
53,0.051417518276839276,152.85085540545742,4.5052000000000177e-38,0.83713,4.5052000000000177e-38,4.5052000000000177e-38,4.5052000000000177e-38,4.5052000000000177e-38,4.5052000000000177e-38,4.5052000000000177e-38,0.16258000000000003,2.2816273624512566e-09,0.00015231000000000023,4.5052000000000177e-38,0.00013732,4.949745098472119e-26,4.5052000000000177e-38,1.3017749379701745e-07,4.5052000000000177e-38,4.5052000000000177e-38,4.5052000000000177e-38,4.5052000000000177e-38,4.5052000000000177e-38,4.5052000000000177e-38,4.5052000000000177e-38,4.5052000000000177e-38,4.5052000000000177e-38,4.5052000000000177e-38,4.0046000000000057e-38,4.5052000000000177e-38,4.5052000000000177e-38,4.5052000000000177e-38,4.5052000000000177e-38,4.5052000000000177e-38,4.5052000000000177e-38,4.5052000000000177e-38,4.5052000000000177e-38,4.5052000000000177e-38,4.5052000000000177e-38,4.5052000000000177e-38
54,0.0630957344480193,155.5268135049503,4.5052000000000177e-38,0.83713,4.5052000000000177e-38,4.5052000000000177e-38,4.5052000000000177e-38,4.5052000000000177e-38,4.5052000000000177e-38,4.5052000000000177e-38,0.16258000000000006,3.725330060133196e-09,0.00015231000000000006,4.5052000000000177e-38,0.00013732,1.046663008605452e-25,4.5052000000000177e-38,1.9818199026155614e-07,4.5052000000000177e-38,4.5052000000000177e-38,4.5052000000000177e-38,4.5052000000000177e-38,4.5052000000000177e-38,4.5052000000000177e-38,4.5052000000000177e-38,4.5052000000000177e-38,4.5052000000000177e-38,4.5052000000000177e-38,4.0046000000000057e-38,4.5052000000000177e-38,4.5052000000000177e-38,4.5052000000000177e-38,4.5052000000000177e-38,4.5052000000000177e-38,4.5052000000000177e-38,4.5052000000000177e-38,4.5052000000000177e-38,4.5052000000000177e-38,4.5052000000000177e-38,4.5052000000000177e-38
55,0.07742636826811278,158.3631966147327,4.5052000000000177e-38,0.83713,4.5052000000000177e-38,4.5052000000000177e-38,4.5052000000000177e-38,4.5052000000000177e-38,4.5052000000000177e-38,4.5052000000000177e-38,0.16258000000000003,6.180778124015765e-09,0.00015231000000000006,4.5052000000000177e-38,0.00013732,2.273149237686986e-25,4.5052000000000177e-38,3.0608986487989597e-07,4.5052000000000177e-38,4.5052000000000177e-38,4.5052000000000177e-38,4.5052000000000177e-38,4.5052000000000177e-38,4.5052000000000177e-38,4.5052000000000177e-38,4.5052000000000177e-38,4.5052000000000177e-38,4.5052000000000177e-38,4.0046000000000057e-38,4.5052000000000177e-38,4.5052000000000177e-38,4.5052000000000177e-38,4.5052000000000177e-38,4.5052000000000177e-38,4.5052000000000177e-38,4.5052000000000177e-38,4.5052000000000177e-38,4.5052000000000177e-38,4.5052000000000177e-38,4.5052000000000177e-38
56,0.0950118507318144,161.09273087291066,4.5052000000000177e-38,0.8371299509910645,4.5052000000000177e-38,4.5052000000000177e-38,4.5052000000000177e-38,4.5052000000000177e-38,4.5052000000000177e-38,4.5052000000000177e-38,0.16258000000000003,9.750415686516297e-09,0.00015231000000000006,4.5052000000000177e-38,0.00013732,4.548759696328909e-25,4.5052000000000177e-38,4.5179492433750395e-07,4.5052000000000177e-38,4.5052000000000177e-38,4.5052000000000177e-38,4.5052000000000177e-38,4.5052000000000177e-38,4.5052000000000177e-38,4.5052000000000177e-38,4.5052000000000177e-38,4.5052000000000177e-38,4.5052000000000177e-38,4.0046000000000057e-38,4.5052000000000177e-38,4.5052000000000177e-38,4.5052000000000177e-38,4.5052000000000177e-38,4.5052000000000177e-38,4.5052000000000177e-38,4.5052000000000177e-38,4.5052000000000177e-38,4.5052000000000177e-38,4.5052000000000177e-38,4.5052000000000177e-38
57,0.11659144011798311,163.52415690931292,4.5052000000000177e-38,0.83713,4.5052000000000177e-38,4.5052000000000177e-38,4.5052000000000177e-38,4.5052000000000177e-38,4.5052000000000177e-38,4.5052000000000177e-38,0.16258000000000006,1.4047773639901092e-08,0.00015231000000000023,4.5052000000000177e-38,0.00013732,7.845209171258776e-25,4.5052000000000177e-38,6.146244495465198e-07,4.5052000000000177e-38,4.5052000000000177e-38,4.5052000000000177e-38,4.5052000000000177e-38,4.5052000000000177e-38,4.5052000000000177e-38,4.5052000000000177e-38,4.5052000000000177e-38,4.5052000000000177e-38,4.5052000000000177e-38,4.0046000000000057e-38,4.5052000000000177e-38,4.5052000000000177e-38,4.5052000000000177e-38,4.5052000000000177e-38,4.5052000000000177e-38,4.5052000000000177e-38,4.5052000000000177e-38,4.5052000000000177e-38,4.5052000000000177e-38,4.5052000000000177e-38,4.5052000000000177e-38
58,0.14307229891937587,165.6054022625564,4.5052000000000913e-38,0.83713,4.5052000000000913e-38,4.5052000000000913e-38,4.5052000000000913e-38,4.5052000000000913e-38,4.5052000000000913e-38,4.5052000000000913e-38,0.16258000000000003,1.8398352393835956e-08,0.00015231000000000023,4.5052000000000913e-38,0.00013732,1.153320558472231e-24,4.5052000000000913e-38,7.674217090454198e-07,4.5052000000000913e-38,4.5052000000000913e-38,4.5052000000000913e-38,4.5052000000000913e-38,4.5052000000000913e-38,4.5052000000000913e-38,4.5052000000000913e-38,4.5052000000000913e-38,4.5052000000000913e-38,4.5052000000000913e-38,4.0046000000000714e-38,4.5052000000000913e-38,4.5052000000000913e-38,4.5052000000000913e-38,4.5052000000000913e-38,4.5052000000000913e-38,4.5052000000000913e-38,4.5052000000000913e-38,4.5052000000000913e-38,4.5052000000000913e-38,4.5052000000000913e-38,4.5052000000000913e-38
59,0.17556762912750015,167.50369494475,4.5052000000000177e-38,0.83713,4.5052000000000177e-38,4.5052000000000177e-38,4.5052000000000177e-38,4.5052000000000177e-38,4.5052000000000177e-38,4.5052000000000177e-38,0.16258000000000006,2.2875592835556648e-08,0.00015231000000000006,4.5052000000000177e-38,0.00013732,1.5540934342801436e-24,4.5052000000000177e-38,9.144332893074774e-07,4.5052000000000177e-38,4.5052000000000177e-38,4.5052000000000177e-38,4.5052000000000177e-38,4.5052000000000177e-38,4.5052000000000177e-38,4.5052000000000177e-38,4.5052000000000177e-38,4.5052000000000177e-38,4.5052000000000177e-38,4.0046000000000057e-38,4.5052000000000177e-38,4.5052000000000177e-38,4.5052000000000177e-38,4.5052000000000177e-38,4.5052000000000177e-38,4.5052000000000177e-38,4.5052000000000177e-38,4.5052000000000177e-38,4.5052000000000177e-38,4.5052000000000177e-38,4.5052000000000177e-38
60,0.21544346900318867,169.4869989125197,4.5052000000000177e-38,0.83713,4.5052000000000177e-38,4.5052000000000177e-38,4.5052000000000177e-38,4.5052000000000177e-38,4.5052000000000177e-38,4.5052000000000177e-38,0.16258000000000003,2.869414101871323e-08,0.00015231000000000006,4.5052000000000177e-38,0.00013732,2.1252592676571786e-24,4.5052000000000177e-38,1.098273357216246e-06,4.5052000000000177e-38,4.5052000000000177e-38,4.5052000000000177e-38,4.5052000000000177e-38,4.5052000000000177e-38,4.5052000000000177e-38,4.5052000000000177e-38,4.5052000000000177e-38,4.5052000000000177e-38,4.5052000000000177e-38,4.0046000000000057e-38,4.5052000000000177e-38,4.5052000000000177e-38,4.5052000000000177e-38,4.5052000000000177e-38,4.5052000000000177e-38,4.5052000000000177e-38,4.5052000000000177e-38,4.5052000000000177e-38,4.5052000000000177e-38,4.5052000000000177e-38,4.5052000000000177e-38
61,0.2643761185749101,171.80510655911078,4.505199999999944e-38,0.8371297823905529,4.505199999999944e-38,4.505199999999944e-38,4.505199999999944e-38,4.505199999999944e-38,4.505199999999944e-38,4.505199999999944e-38,0.16258000000000003,3.822536613862647e-08,0.00015230978238483592,4.505199999999944e-38,0.00013732,3.2247357179368967e-24,4.505199999999944e-38,1.3924323259674193e-06,4.505199999999944e-38,4.505199999999944e-38,4.505199999999944e-38,4.505199999999944e-38,4.505199999999944e-38,4.505199999999944e-38,4.505199999999944e-38,4.505199999999944e-38,4.505199999999944e-38,4.505199999999944e-38,4.0046000000000057e-38,4.505199999999944e-38,4.505199999999944e-38,4.505199999999944e-38,4.505199999999944e-38,4.505199999999944e-38,4.505199999999944e-38,4.505199999999944e-38,4.505199999999944e-38,4.505199999999944e-38,4.505199999999944e-38,4.505199999999944e-38
62,0.324422607917163,174.71007393954216,4.5052000000000177e-38,0.83713,4.5052000000000177e-38,4.5052000000000177e-38,4.5052000000000177e-38,4.5052000000000177e-38,4.5052000000000177e-38,4.5052000000000177e-38,0.16258000000000003,5.6617163586548286e-08,0.00015231000000000006,4.5052000000000177e-38,0.00013732000000000013,5.8541898785508345e-24,4.5052000000000177e-38,1.9419692960378215e-06,4.5052000000000177e-38,4.5052000000000177e-38,4.5052000000000177e-38,4.5052000000000177e-38,4.5052000000000177e-38,4.5052000000000177e-38,4.5052000000000177e-38,4.5052000000000177e-38,4.5052000000000177e-38,4.5052000000000177e-38,4.0046000000000714e-38,4.5052000000000177e-38,4.5052000000000177e-38,4.5052000000000177e-38,4.5052000000000177e-38,4.5052000000000177e-38,4.5052000000000177e-38,4.5052000000000177e-38,4.5052000000000177e-38,4.5052000000000177e-38,4.5052000000000177e-38,4.5052000000000177e-38
63,0.39810717055349776,178.4120313013431,4.5052000000000913e-38,0.83713,4.5052000000000913e-38,4.5052000000000913e-38,4.5052000000000913e-38,4.5052000000000913e-38,4.5052000000000913e-38,4.5052000000000913e-38,0.16258000000000003,9.604780135533352e-08,0.00015231000000000006,4.5052000000000913e-38,0.00013732000000000013,1.3355344759501368e-23,4.5052000000000913e-38,3.060003211224857e-06,4.5052000000000913e-38,4.5052000000000913e-38,4.5052000000000913e-38,4.5052000000000913e-38,4.5052000000000913e-38,4.5052000000000913e-38,4.5052000000000913e-38,4.5052000000000913e-38,4.5052000000000913e-38,4.5052000000000913e-38,4.0046000000000714e-38,4.5052000000000913e-38,4.5052000000000913e-38,4.5052000000000913e-38,4.5052000000000913e-38,4.5052000000000913e-38,4.5052000000000913e-38,4.5052000000000913e-38,4.5052000000000913e-38,4.5052000000000913e-38,4.5052000000000913e-38,4.5052000000000913e-38
64,0.4885273571519392,183.04002186433894,4.505181224016388e-38,0.8371249667644791,4.505181224016388e-38,4.505181224016388e-38,4.505181224016388e-38,4.505181224016388e-38,4.505181224016388e-38,4.505181224016388e-38,0.16257812237166083,1.8774174690704194e-07,0.00015230812236849794,4.505181224016388e-38,0.00013732,3.8859255305538616e-23,4.505181224016388e-38,5.4116850867574445e-06,4.505181224016388e-38,4.505181224016388e-38,4.505181224016388e-38,4.505181224016388e-38,4.505181224016388e-38,4.505181224016388e-38,4.505181224016388e-38,4.505181224016388e-38,4.505181224016388e-38,4.505181224016388e-38,4.004581223995174e-38,4.505181224016388e-38,4.505181224016388e-38,4.505181224016388e-38,4.505181224016388e-38,4.505181224016388e-38,4.505181224016388e-38,4.505181224016388e-38,4.505181224016388e-38,4.505181224016388e-38,4.505181224016388e-38,4.505181224016388e-38
65,0.5994842503189409,189.01418051038507,4.505161489875305e-38,0.8371170877955285,4.505161489875305e-38,4.505161489875305e-38,4.505161489875305e-38,4.505161489875305e-38,4.505161489875305e-38,4.505161489875305e-38,0.16257614894097783,4.442677504684922e-07,0.000152306148936067,4.505161489875305e-38,0.00013732000000000013,1.566252179118328e-22,4.505161489875305e-38,1.1358635171479507e-05,4.505161489875305e-38,4.505161489875305e-38,4.505161489875305e-38,4.505161489875305e-38,4.505161489875305e-38,4.505161489875305e-38,4.505161489875305e-38,4.505161489875305e-38,4.505161489875305e-38,4.505161489875305e-38,4.0045614898424156e-38,4.505161489875305e-38,4.505161489875305e-38,4.505161489875305e-38,4.505161489875305e-38,4.505161489875305e-38,4.505161489875305e-38,4.505161489875305e-38,4.505161489875305e-38,4.505161489875305e-38,4.505161489875305e-38,4.505161489875305e-38
66,0.7356422544596422,196.33329637179588,4.5051264355901264e-38,0.8371126435689846,4.5051264355901264e-38,4.5051264355901264e-38,4.5051264355901264e-38,4.5051264355901264e-38,4.5051264355901264e-38,4.5051264355901264e-38,0.16257264352079037,1.2233593896031876e-06,0.00015230264351675734,4.5051264355901264e-38,0.00013732,8.230489971230457e-22,4.5051264355901264e-38,1.8803579776581768e-05,4.5051264355901264e-38,4.5051264355901264e-38,4.5051264355901264e-38,4.5051264355901264e-38,4.5051264355901264e-38,4.5051264355901264e-38,4.5051264355901264e-38,4.5051264355901264e-38,4.5051264355901264e-38,4.5051264355901264e-38,4.004526435563201e-38,4.5051264355901264e-38,4.5051264355901264e-38,4.5051264355901264e-38,4.5051264355901264e-38,4.5051264355901264e-38,4.5051264355901264e-38,4.5051264355901264e-38,4.5051264355901264e-38,4.5051264355901264e-38,4.5051264355901264e-38,4.5051264355901264e-38
67,0.9027251779484579,208.00730075293072,4.505093128558696e-38,0.8371012288380453,4.505093128558696e-38,4.505093128558696e-38,4.505093128558696e-38,4.505093128558696e-38,4.505093128558696e-38,4.505093128558696e-38,0.16256999999999994,5.82237690199473e-06,0.00015229999999999977,4.505093128558696e-38,0.00013731191593331884,1.1092422295598228e-20,4.505093128558696e-38,2.5416457197471402e-05,4.505093128558696e-38,4.505093128558696e-38,4.505093128558696e-38,4.505093128558696e-38,4.505093128558696e-38,4.505093128558696e-38,4.505093128558696e-38,4.505093128558696e-38,4.505093128558696e-38,4.505093128558696e-38,4.0044999999999823e-38,4.505093128558696e-38,4.505093128558696e-38,4.505093128558696e-38,4.505093128558696e-38,4.505093128558696e-38,4.505093128558696e-38,4.505093128558696e-38,4.505093128558696e-38,4.505093128558696e-38,4.505093128558696e-38,4.505093128558696e-38
68,1.1077568505097086,221.8026488596876,4.504956717927813e-38,0.8370822814357064,4.504956717927813e-38,4.504956717927813e-38,4.504956717927813e-38,4.504956717927813e-38,4.504956717927813e-38,4.504956717927813e-38,0.1625683048107309,3.0053584386795054e-05,0.00015229830480781108,4.504956717927813e-38,0.00013730830480276508,1.7527385371518524e-19,4.504956717927813e-38,2.5417855484258117e-05,4.504956717927813e-38,4.504956717927813e-38,4.504956717927813e-38,4.504956717927813e-38,4.504956717927813e-38,4.504956717927813e-38,4.504956717927813e-38,4.504956717927813e-38,4.504956717927813e-38,4.504956717927813e-38,4.0043736701022855e-38,4.504956717927813e-38,4.504956717927813e-38,4.504956717927813e-38,4.504956717927813e-38,4.504956717927813e-38,4.504956717927813e-38,4.504956717927813e-38,4.504956717927813e-38,4.504956717927813e-38,4.504956717927813e-38,4.504956717927813e-38
69,1.3593563908785269,236.38389863276242,4.504355855343588e-38,0.8369683764983592,4.504355855343588e-38,4.504355855343588e-38,4.504355855343588e-38,4.504355855343588e-38,4.504355855343588e-38,4.504355855343588e-38,0.16254697165707854,0.0001363348632311694,0.0001522769716030485,4.504355855343588e-38,0.00013729164225775202,2.267520575054582e-18,4.504355855343588e-38,2.5411763060332464e-05,4.504355855343588e-38,4.504355855343588e-38,4.504355855343588e-38,4.504355855343588e-38,4.504355855343588e-38,4.504355855343588e-38,4.504355855343588e-38,4.504355855343588e-38,4.504355855343588e-38,1.7268110602772906e-37,4.003846021765375e-38,4.504355855343588e-38,4.504355855343588e-38,4.504355855343588e-38,4.504355855343588e-38,4.504355855343588e-38,4.504355855343588e-38,4.504355855343588e-38,4.504355855343588e-38,4.504355855343588e-38,4.504355855343588e-38,4.504355855343588e-38
70,1.6681005372000592,251.8015696737713,4.502437476864299e-38,0.836609972616148,4.502437476864299e-38,4.502437476864299e-38,4.502437476864299e-38,4.502437476864299e-38,4.502437476864299e-38,4.502437476864299e-38,0.16247609256143059,0.0005197312317368192,0.00015221143578098465,5.261825657330987e-38,0.0001372324295203898,2.4409632179256006e-17,7.925101903661966e-38,2.5400292913922752e-05,4.502437476864299e-38,4.502437476864299e-38,4.502437476864299e-38,4.502437476864299e-38,4.502437476864299e-38,4.502437476864299e-38,4.502437476864299e-38,4.502437476864299e-38,4.502437476864299e-38,1.0738740796194956e-35,4.0021436470270725e-38,4.502437476864299e-38,4.502437476864299e-38,4.502437476864299e-38,4.502437476864299e-38,4.502437476864299e-38,4.502437476864299e-38,4.502437476864299e-38,4.502437476864299e-38,4.502437476864299e-38,4.502437476864299e-38,4.502437476864299e-38
71,2.046968271807524,268.09945410470414,4.50025233221088e-38,0.8362080630307627,4.50025233221088e-38,4.50025233221088e-38,4.50025233221088e-38,4.50025233221088e-38,4.50025233221088e-38,4.50025233221088e-38,0.16239961254585955,0.0010612328027068641,0.00015213841109786434,9.663741689995694e-37,0.00013716720958438324,2.220814165499726e-16,1.728977799098175e-35,2.5388441894533445e-05,4.50025233221088e-38,4.50025233221088e-38,4.50025233221088e-38,4.50025233221088e-38,4.50025233221088e-38,4.50025233221088e-38,4.50025233221088e-38,4.50025233221088e-38,4.50025233221088e-38,8.068108414750975e-34,4.000228299735161e-38,4.50025233221088e-38,4.50025233221088e-38,4.50025233221088e-38,4.50025233221088e-38,4.50025233221088e-38,4.50025233221088e-38,4.50025233221088e-38,4.50025233221088e-38,4.50025233221088e-38,4.50025233221088e-38,4.50025233221088e-38
72,2.5118864315095824,285.3497568159416,4.5000000000000027e-38,0.83616,7.63582093336528e-38,4.5000000000000027e-38,4.5000000000000027e-38,4.5000000000000027e-38,4.5000000000000027e-38,4.5000000000000027e-38,0.16239,0.0011318999999999997,0.0001521299999999998,1.540858002269425e-34,0.00013716000000000002,1.7362105895440159e-15,4.207171504765822e-33,2.538699999999998e-05,4.5000000000000027e-38,4.5000000000000027e-38,4.5000000000000027e-38,4.5000000000000027e-38,4.5000000000000027e-38,4.5000000000000027e-38,4.5000000000000027e-38,4.5000000000000027e-38,4.5000000000000027e-38,4.5383353586618514e-32,4.000000000000001e-38,4.5000000000000027e-38,4.5000000000000027e-38,4.5000000000000027e-38,4.5000000000000027e-38,4.5000000000000027e-38,4.6605972357617244e-38,4.5000000000000027e-38,4.5000000000000027e-38,4.5000000000000027e-38,4.5000000000000027e-38,4.5000000000000027e-38
73,3.0823992397451434,303.6084174508774,4.499999999999929e-38,0.83616,6.18077565530734e-36,4.499999999999929e-38,4.499999999999929e-38,4.499999999999929e-38,4.499999999999929e-38,4.499999999999929e-38,0.16238999999999998,0.0011318999999999997,0.0001521299999999998,1.8813773612828373e-32,0.00013716000000000002,1.1784748586705035e-14,7.125397693214906e-31,2.5387000000000033e-05,4.499999999999929e-38,4.499999999999929e-38,4.499999999999929e-38,4.499999999999929e-38,4.499999999999929e-38,4.499999999999929e-38,4.499999999999929e-38,4.499999999999929e-38,4.499999999999929e-38,1.9520905842150122e-30,3.9999999999999356e-38,4.499999999999929e-38,4.499999999999929e-38,4.499999999999929e-38,4.499999999999929e-38,4.499999999999929e-38,2.7205910343378852e-37,4.499999999999929e-38,4.499999999999929e-38,4.499999999999929e-38,4.499999999999929e-38,4.499999999999929e-38
74,3.78248990638939,322.95704188384497,4.5000000000000027e-38,0.83616,9.874411149622276e-34,4.5000000000000027e-38,4.5000000000000027e-38,4.5000000000000027e-38,4.5000000000000027e-38,4.5000000000000027e-38,0.16239000000000006,0.0011318999999999997,0.0001521300000000001,1.6822100536424102e-30,0.00013716000000000018,7.035386967698464e-14,8.681582918618543e-29,2.5387000000000033e-05,4.5000000000000027e-38,4.5000000000000027e-38,4.5000000000000027e-38,4.5000000000000027e-38,4.5000000000000027e-38,4.5000000000000027e-38,4.5000000000000027e-38,4.5000000000000027e-38,4.5000000000000027e-38,6.581855368286208e-29,5.025602985412753e-38,4.5000000000000027e-38,4.5000000000000027e-38,4.5000000000000027e-38,4.5000000000000027e-38,4.5000000000000027e-38,1.8577969377126566e-35,4.5000000000000027e-38,4.5000000000000027e-38,4.5000000000000027e-38,4.5000000000000027e-38,4.5000000000000027e-38
75,4.641588833612782,343.46653301105533,4.5000000000000027e-38,0.83616,1.141717545604408e-31,4.5000000000000027e-38,4.5000000000000027e-38,4.5000000000000027e-38,4.5000000000000027e-38,4.5000000000000027e-38,0.16239000000000006,0.0011318999999999997,0.0001521299999999998,1.127117276872007e-28,0.00013716000000000002,3.7288045871041873e-13,7.72141946969571e-27,2.538699999999998e-05,4.5000000000000027e-38,4.5000000000000027e-38,4.5000000000000027e-38,4.5000000000000027e-38,4.5000000000000027e-38,4.5000000000000027e-38,4.5000000000000027e-38,4.5000000000000027e-38,4.5000000000000027e-38,1.771695834064863e-27,1.7520857304698046e-36,4.5000000000000027e-38,4.5000000000000027e-38,4.5000000000000027e-38,4.5000000000000027e-38,4.5000000000000027e-38,9.900369827204197e-34,4.5000000000000027e-38,4.5000000000000027e-38,4.5000000000000027e-38,4.5000000000000027e-38,4.5000000000000027e-38
76,5.695810810737687,365.22411342022934,4.5000000000000027e-38,0.83616,9.80535422485897e-30,4.5000000000000027e-38,4.5000000000000027e-38,4.5000000000000027e-38,4.5000000000000027e-38,4.5000000000000027e-38,0.16239,0.0011318999999999997,0.00015212999999999997,5.803131245193807e-27,0.00013716000000000002,1.774813236507787e-12,5.168665212219338e-25,2.538699999999998e-05,4.5000000000000027e-38,4.5000000000000027e-38,4.5000000000000027e-38,4.5000000000000027e-38,4.5000000000000027e-38,4.5000000000000027e-38,4.5000000000000027e-38,4.5000000000000027e-38,4.5000000000000027e-38,3.887562270963717e-26,2.6448084942542705e-34,4.5000000000000027e-38,4.5000000000000027e-38,4.5000000000000027e-38,4.5000000000000027e-38,4.5000000000000027e-38,4.1299369999104945e-32,4.5000000000000027e-38,4.5000000000000027e-38,4.5000000000000027e-38,4.5000000000000027e-38,4.5000000000000027e-38
77,6.989473207273494,388.314081665198,4.5000000000000027e-38,0.83616,6.383674635242909e-28,4.5000000000000027e-38,4.5000000000000027e-38,4.5000000000000027e-38,4.5000000000000027e-38,4.5000000000000027e-38,0.16239,0.0011318999999999997,0.0001521299999999998,2.3264250154721926e-25,0.00013716000000000002,7.604804191842535e-12,2.6557276844228297e-23,2.538699999999998e-05,4.5000000000000027e-38,4.5000000000000027e-38,4.5000000000000027e-38,4.5000000000000027e-38,4.5000000000000027e-38,4.5000000000000027e-38,4.5000000000000027e-38,4.5000000000000027e-38,4.5000000000000027e-38,7.015152978895404e-25,2.862277023875552e-32,4.5000000000000027e-38,4.5000000000000027e-38,4.5000000000000027e-38,4.5000000000000027e-38,4.5000000000000027e-38,1.3637868129242564e-30,4.5000000000000027e-38,4.5000000000000027e-38,4.5000000000000027e-38,4.5000000000000027e-38,4.5000000000000027e-38
78,8.576958985908945,412.8291842773543,4.5000000000000027e-38,0.83616,3.2140212355527126e-26,4.5000000000000027e-38,4.5000000000000027e-38,4.5000000000000027e-38,4.5000000000000027e-38,4.5000000000000027e-38,0.16239,0.0011318999999999997,0.0001521300000000001,7.407511370187856e-24,0.00013716000000000002,2.9611266415339085e-11,1.0675600172995668e-21,2.538699999999998e-05,4.5000000000000027e-38,4.5000000000000027e-38,4.5000000000000027e-38,4.5000000000000027e-38,4.5000000000000027e-38,4.5000000000000027e-38,4.5000000000000027e-38,4.5000000000000027e-38,4.5000000000000027e-38,1.0583485585327022e-23,2.2736797422492997e-30,4.5000000000000027e-38,4.5000000000000027e-38,4.5000000000000027e-38,4.5000000000000027e-38,4.5000000000000027e-38,3.634730228403904e-29,4.5000000000000027e-38,4.5000000000000027e-38,4.5000000000000027e-38,4.5000000000000027e-38,4.5000000000000027e-38
79,10.525002852777327,438.86454849723015,4.5000000000000027e-38,0.83616,1.273101796496881e-24,4.5000000000000027e-38,4.5000000000000027e-38,4.5000000000000027e-38,4.5000000000000027e-38,4.5000000000000027e-38,0.16239,0.0011318999999999997,0.00015212999999999997,1.9015451938016638e-22,0.00013716000000000002,1.0539716110608445e-10,3.413202630253967e-20,2.5386999999999928e-05,4.5000000000000027e-38,4.5000000000000027e-38,4.5000000000000027e-38,4.5000000000000027e-38,4.5000000000000027e-38,4.5000000000000027e-38,4.5000000000000027e-38,4.5000000000000027e-38,4.5000000000000027e-38,1.3508157034064145e-22,1.3534211146963495e-28,4.5000000000000027e-38,4.5000000000000027e-38,4.5000000000000027e-38,4.5000000000000027e-38,4.5000000000000027e-38,7.929292674187172e-28,4.5000000000000027e-38,4.5000000000000027e-38,4.5000000000000027e-38,4.5000000000000027e-38,4.5000000000000027e-38
80,12.915496650148853,466.5195333263505,4.5000000000000027e-38,0.83616,4.0293821554700545e-23,4.5000000000000027e-38,4.5000000000000027e-38,4.5000000000000027e-38,4.5000000000000027e-38,4.5000000000000027e-38,0.16239,0.0011318999999999997,0.0001521299999999998,3.987608223014488e-21,0.00013716000000000002,3.4466786510211716e-10,8.807613245150849e-19,2.5386999999999928e-05,4.5000000000000027e-38,4.5000000000000027e-38,4.5000000000000027e-38,4.5000000000000027e-38,4.5000000000000027e-38,4.5000000000000027e-38,4.5000000000000027e-38,4.5000000000000027e-38,4.5000000000000027e-38,1.473749069178089e-21,6.1505734327732e-27,4.5000000000000027e-38,4.5000000000000027e-38,4.5000000000000027e-38,4.5000000000000027e-38,4.5000000000000027e-38,1.4334821326356737e-26,4.5000000000000027e-38,4.5000000000000027e-38,4.5000000000000027e-38,4.5000000000000027e-38,4.5000000000000027e-38
81,15.848931924611142,495.897701750287,4.500421407867064e-38,0.8364634060491083,1.033567844139035e-21,4.500421407867064e-38,4.500421407867064e-38,4.500421407867064e-38,4.500421407867064e-38,4.500421407867064e-38,0.1623815717282766,0.0008616232690696452,0.00012129673615604838,4.1905105376689905e-20,0.00013715510462933032,1.0389481912549428e-09,2.7960792250737255e-17,2.538615717429745e-05,4.499999999999929e-38,4.499999999999929e-38,1.8892960886443416e-37,4.500421407867064e-38,4.500421407867064e-38,3.631020135471327e-24,1.1749567754943982e-31,5.799951651866376e-31,3.1927314337988537e-31,6.398348155957007e-21,1.7322751673047812e-25,5.210939933653259e-38,5.74487859653637e-27,2.017134252685743e-19,4.500421407867064e-38,4.500421407867064e-38,1.3158247940695718e-25,4.081191163524317e-37,2.3555469182464116e-28,2.2958402744837622e-36,1.184955960024434e-21,7.668983917676362e-25
82,19.448624389373617,527.1070183900367,2.009085907590777e-37,0.83652,2.1762349016866018e-20,4.5004999999999666e-38,4.5004999999999666e-38,4.5004999999999666e-38,4.5004999999999666e-38,4.5004999999999666e-38,0.16238000000000002,0.0008188799999999996,0.00011628000000000002,5.531144432928307e-19,0.00013714466671713976,2.90588836833109e-09,5.269429519933512e-16,2.538648245171115e-05,4.5000000000000027e-38,4.5000000000000027e-38,3.4133452041692857e-35,4.6046652394899877e-38,5.765735323401799e-38,3.54153942135394e-20,2.7947246418558557e-28,1.6521442338610887e-27,8.394705351429771e-28,4.537051996172252e-20,4.6216482667491014e-24,1.9830695552096416e-36,7.233587814849612e-24,1.4098928259427061e-15,4.5004999999999666e-38,4.5004999999999666e-38,1.5373169425359451e-24,2.2519387789962526e-34,1.0337924435310781e-24,1.493727297090396e-33,2.1656866632455988e-17,5.469416298940668e-21
83,23.865897868585833,560.2584227560465,9.645256921242406e-35,0.83652,3.806002495841006e-19,4.500508768518515e-38,4.500508768518515e-38,4.500508768518515e-38,4.500508768518515e-38,4.500508768518515e-38,0.16238000000000002,0.0008188799999999996,0.0001162799999999999,6.7714609548442524e-18,0.00013712835727840758,7.569156239097109e-09,7.701073525502547e-15,2.53881381371082e-05,4.5000000000000027e-38,4.5000000000000027e-38,7.528188853226322e-33,3.1578368145173076e-37,3.9081268413077357e-36,1.195120640056337e-18,6.988980765436408e-26,3.6340175687055016e-25,1.909980061250148e-25,3.2626355569812366e-19,1.0285008426249265e-22,2.5764596121158866e-34,9.891765338475972e-23,3.558709648857235e-15,4.500508768518515e-38,4.500508768518515e-38,1.6867696819456822e-23,1.4444827110831488e-31,1.0440183197296286e-22,7.983952705605352e-31,4.367306913183704e-16,1.8016943675208952e-19
84,29.286445646252375,595.4709310537029,3.2759088517923543e-32,0.83652,5.589531130998786e-18,4.5005021911566665e-38,4.5005021911566665e-38,4.5005021911566665e-38,4.5005021911566665e-38,4.5005021911566665e-38,0.16238000000000005,0.0008188799999999996,0.00011628000000000002,7.054434717253837e-17,0.0001371170268505416,1.838925584780139e-08,9.544785415965943e-14,2.539155514436026e-05,4.5000000000000027e-38,4.5000000000000027e-38,1.1848611330345003e-30,8.309838123074593e-35,9.020509037628945e-34,3.204843431848569e-17,1.2745016845271256e-23,5.87322972599509e-23,3.169903802353732e-23,2.0691136741423953e-18,1.855545980743084e-21,2.4856503826974835e-32,1.1546778918075416e-21,8.545760646810418e-15,1.3896963257358608e-37,4.5005021911566665e-38,1.5925325280370346e-22,6.143934656183136e-29,7.883515369633732e-21,2.8750017904913474e-28,6.938802348486063e-15,4.727183952935561e-18
85,35.93813663804633,632.8595943098226,4.528482150336526e-30,0.83652,6.965841841708185e-17,4.5005573736682457e-38,4.5005573736682457e-38,4.5005573736682457e-38,4.5005573736682457e-38,4.5005573736682457e-38,0.16238000000000002,0.0008188799999999996,0.00011628000000000014,6.325083179105935e-16,0.00013702592339349192,4.187787996493106e-08,1.0093161245319517e-12,2.5397995680829192e-05,4.5000000000000027e-38,4.5000000000000027e-38,1.3543589367753517e-28,1.5494648379560483e-32,1.4849803344993752e-31,6.904156298929739e-16,1.8425109953064353e-21,7.579227667126493e-21,1.1007015186149494e-21,1.1694174618349962e-17,2.744240644194125e-20,1.816334122484889e-30,1.1631121138130823e-20,1.9601522168292468e-14,5.395369744795591e-35,4.5005573736682457e-38,1.3092107781729948e-21,1.769175492365988e-26,4.518715338740555e-19,7.115127230250568e-26,8.206302479428003e-14,9.985445852226406e-17
86,44.10059454176741,672.5544888969704,4.885453692566002e-28,0.83652,7.432329758349543e-16,4.500567999377467e-38,8.943694812862399e-37,4.500567999377467e-38,4.500567999377467e-38,4.500567999377467e-38,0.16238000000000002,0.0008188799999999996,0.00011628000000000002,4.898698087529938e-15,0.0001368130547858815,8.921830673642487e-08,9.244684659595883e-12,2.540509347230119e-05,4.500281688710478e-38,7.334545553055204e-38,1.1468638185460911e-26,2.092002553867669e-30,1.7821519851548863e-29,1.2140453711861055e-14,2.1152420806391284e-19,7.819847446514786e-19,2.2551783545059352e-20,5.89087698134769e-17,3.3659378153339073e-19,1.0146004591325157e-28,1.0156352369974633e-19,4.297068064920433e-14,2.590799510285962e-32,2.2523757999319603e-37,9.382389980612195e-21,3.538648815982431e-24,2.000470485042982e-17,1.2410084499625571e-23,7.48105026098844e-13,1.7243369863457938e-15
87,54.116952654646376,714.668830144917,4.055396050720484e-26,0.83652,6.846593230517032e-15,4.50056608568791e-38,1.7177375114663028e-34,4.50056608568791e-38,4.50056608568791e-38,4.50056608568791e-38,0.16238000000000002,0.0008188800000000005,0.00011628000000000014,3.3041847489369136e-14,0.00013639865453158735,1.7832992469236169e-07,7.381735581236913e-11,2.5412334204156882e-05,4.5006000000000354e-38,9.429336684606243e-37,7.302638789077163e-25,2.0789094205778523e-28,1.5843831683671281e-27,1.759816711771979e-13,1.9634988245303103e-17,4.2001997655225956e-17,3.117128817026576e-19,2.6636817936667925e-16,3.4553048689545403e-18,4.396824928538569e-27,7.749466061929185e-19,9.027867192592905e-14,8.357310880553113e-30,1.0710297034595323e-35,5.909175829896463e-20,5.005234859571426e-22,6.928002284220769e-16,1.5519609334461098e-21,5.285527795380083e-12,2.4576893389750894e-14
88,66.40827850634851,759.3386747805156,2.909020763537665e-24,0.8365206690272029,5.493891226936312e-14,4.500600000000109e-38,5.075086765249149e-32,7.260591000892545e-38,4.500600000000109e-38,4.500600000000109e-38,0.16238000000000002,0.0008188800000000005,0.00011628000000000014,1.9558852319860465e-13,0.00013573010797815615,3.352198740797574e-07,5.180301731923866e-10,2.5418813534700617e-05,1.181763942923894e-37,3.7549350211109247e-34,3.55417491669607e-23,1.5480853941265864e-26,1.0621398171401318e-25,2.1267792285998083e-12,1.4819683192609393e-15,8.682308614707039e-16,4.014226181479968e-18,1.0877404628847785e-15,2.9989970148272417e-17,1.4994667622650344e-25,5.206396351168847e-18,1.8220794097981642e-13,1.8534677536310036e-27,3.972947160426148e-33,3.29419694903453e-19,5.106106916586082e-20,1.902934183767601e-14,1.4182572032256208e-19,2.95507130716795e-11,2.923045806813218e-13
89,81.49127469020749,806.6736227279235,1.6741307544247437e-22,0.8365216999820458,3.8666626287906594e-13,4.500597609086199e-38,1.1030085736502217e-29,1.1217885855643614e-36,4.500597609086199e-38,4.500597609086199e-38,0.16237999999999997,0.0008188823346222407,0.0001162799999999999,1.0216952826984321e-12,0.00013497904351844438,5.952935902784721e-07,3.2146815919634544e-09,2.5423194671879064e-05,1.1919207533115765e-35,1.0124537990826033e-31,1.3391865749113949e-21,8.761473327475105e-25,5.446201791342712e-24,2.162392652122776e-11,8.933343137243631e-14,8.884473657621207e-15,4.6995218960653525e-17,4.02816400113646e-15,2.222069905060928e-16,4.066944269574703e-24,3.096949165284125e-17,3.538616717375813e-13,2.8795795868511934e-25,1.01145719665673e-30,1.6335108832670652e-18,3.812968432363679e-18,4.1866953407465913e-13,9.606528220442252e-18,1.3581684478795642e-10,2.9269253458203784e-12
90,100.0,856.8071789702266,1.002810821378278e-20,0.83652,2.405454652557121e-12,4.5006000000000354e-38,2.29931089275958e-27,5.896254864690921e-34,4.5006000000000354e-38,4.5006000000000354e-38,0.16238000000000002,0.000818908580136425,0.00011628000000000002,4.739182584011025e-12,0.00013502011514622105,1.0141831630656364e-06,1.768892391664606e-08,2.5426286003886962e-05,4.576734214490347e-33,1.8914425727039742e-29,3.9620100175176213e-20,3.827495090228569e-23,2.169612811449462e-22,1.8687286781526213e-10,4.232678865665945e-12,8.137686472795962e-14,4.885428195554994e-16,1.3590267810219467e-14,1.4276760319344221e-15,8.876810622094384e-23,1.6412361720160913e-16,6.625125919801245e-13,3.1999569853232904e-23,1.8069744539849301e-28,7.2450789996165e-18,2.112150451830283e-16,7.437856334239087e-12,4.885473303362541e-16,5.316600517043711e-10,2.4915766707542445e-11
